Isolate	incI1.cgMLST99	Serovar	Prov	Region	Year_Collected	Source	SourceLoc	Cluster
SA20082286	Group4	S.Heidelberg	ON	ON	2010	Chicken	Diagnostic	431
SA20050291	Group4	S.Heidelberg	BC	WEST	2004	Chicken	Abattoir	.
SA20050292	Group4	S.Heidelberg	BC	WEST	2004	Chicken	Abattoir	.
SA20054288	Group4	S.Heidelberg	BC	WEST	2005	Chicken	Abattoir	.
SA20064693	Group4	S.Heidelberg	BC	WEST	2006	Chicken	Abattoir	.
SA20084067	Group4	S.Heidelberg	BC	WEST	2008	Chicken	Abattoir	.
SA20111236	Group4	S.Heidelberg	NB	ATL	2011	Chicken	Abattoir	.
SA20050383	Group4	S.Heidelberg	ON	ON	2004	Chicken	Abattoir	.
SA20094368	Group4	S.Heidelberg	ON	ON	2009	Chicken	Abattoir	.
SA20103145	Group4	S.Heidelberg	ON	ON	2010	Chicken	Abattoir	.
SA20133596	Group1	S.Heidelberg	ON	ON	2013	Chicken	Abattoir	46
SA20043519	Group4	S.Heidelberg	QC	QC	2004	Chicken	Abattoir	.
SA20070762	Group4	S.Heidelberg	NB	ATL	2007	Chicken	Diagnostic	.
SA20140053	Group4	S.Heidelberg	ON	ON	2015	Chicken	Diagnostic	.
SA20134501	Group1	S.Heidelberg	NS	ATL	2014	Chicken	Farm	401
SA20134756	Group4	S.Heidelberg	NS	ATL	2014	Chicken	Farm	402
SA20136062	Group4	S.Heidelberg	ON	ON	2013	Chicken	Farm	4
SA20133272	Group4	S.Heidelberg	ON	ON	2013	Chicken	Farm	42
SA20133273	Group1	S.Heidelberg	ON	ON	2013	Chicken	Farm	42
SA20133754	Group4	S.Heidelberg	ON	ON	2013	Chicken	Farm	3
SA20134423	Group4	S.Heidelberg	ON	ON	2014	Chicken	Farm	.
SA20151102	Group4	S.Heidelberg	QC	QC	2013	Chicken	Farm	.
SA20141146	Group4	S.Heidelberg	QC	QC	2015	Chicken	Farm	349
SA20141148	Group4	S.Heidelberg	QC	QC	2015	Chicken	Farm	349
SA20130062	Group4	S.Heidelberg	ON	ON	2013	Chicken	Hatchery	264
SA20132629	Group4	S.Heidelberg	ON	ON	2013	Chicken	Hatchery	290
SA20060410	Group4	S.Heidelberg	BC	WEST	2005	Chicken	Retail	.
SA20093789	Group4	S.Kentucky	BC	WEST	2009	Chicken	Retail	.
SA20094655	Group1	S.Heidelberg	BC	WEST	2009	Chicken	Retail	.
SA20140260	Group4	S.Heidelberg	BC	WEST	2013	Chicken	Retail	.
SA20132657	Group4	S.Heidelberg	BC	WEST	2013	Chicken	Retail	.
SA20142987	Group1	S.Heidelberg	BC	WEST	2013	Chicken	Retail	.
SA20142577	Group4	S.Heidelberg	BC	WEST	2015	Chicken	Retail	.
SA20145789	Group4	S.Heidelberg	NB	ATL	2013	Chicken	Retail	.
SA20145771	Group4	S.Heidelberg	NB	ATL	2015	Chicken	Retail	.
SA20145774	Group4	S.Kentucky	NB	ATL	2015	Chicken	Retail	.
SA20090337	Group4	S.Heidelberg	NS	ATL	2008	Chicken	Retail	.
SA20120641	Group4	S.Heidelberg	NS	ATL	2011	Chicken	Retail	.
SA20151616	Group4	S.Heidelberg	NS	ATL	2013	Chicken	Retail	.
SA20145301	Group4	S.Heidelberg	NS	ATL	2015	Chicken	Retail	.
SA20050343	Group4	S.Heidelberg	ON	ON	2004	Chicken	Retail	.
SA20055004	Group4	S.Heidelberg	ON	ON	2005	Chicken	Retail	.
SA20145145	Group4	S.Heidelberg	ON	ON	2006	Chicken	Retail	.
SA20080375	Group4	S.Heidelberg	ON	ON	2007	Chicken	Retail	.
SA20084675	Group4	S.Heidelberg	ON	ON	2008	Chicken	Retail	.
SA20150549	Group4	S.Heidelberg	ON	ON	2013	Chicken	Retail	.
SA20151405	Group4	S.Heidelberg	ON	ON	2013	Chicken	Retail	.
SA20132100	Group4	S.Heidelberg	ON	ON	2013	Chicken	Retail	144
SA20131254	Group4	S.Heidelberg	ON	ON	2013	Chicken	Retail	66
SA20132642	Group4	S.Heidelberg	ON	ON	2013	Chicken	Retail	84
SA20132643	Group4	S.Kentucky	ON	ON	2013	Chicken	Retail	56
SA20143123	Group4	S.Heidelberg	ON	ON	2014	Chicken	Retail	181
SA20135252	Group4	S.Heidelberg	ON	ON	2014	Chicken	Retail	65
SA20143472	Group4	S.Heidelberg	ON	ON	2014	Chicken	Retail	202
SA20135266	Group4	S.Kentucky	ON	ON	2014	Chicken	Retail	87
SA20135263	Group4	S.Heidelberg	ON	ON	2014	Chicken	Retail	78
SA20135777	Group4	S.Heidelberg	ON	ON	2014	Chicken	Retail	96
SA20142542	Group4	S.Heidelberg	ON	ON	2015	Chicken	Retail	.
SA20143042	Group4	S.Heidelberg	ON	ON	2015	Chicken	Retail	.
SA20034422	Group4	S.Heidelberg	QC	QC	2003	Chicken	Retail	.
SA20050345	Group4	S.Heidelberg	QC	QC	2004	Chicken	Retail	.
SA20073619	Group4	S.Heidelberg	QC	QC	2007	Chicken	Retail	.
SA20082187	Group4	S.Heidelberg	QC	QC	2008	Chicken	Retail	.
SA20111541	Group4	S.Heidelberg	QC	QC	2011	Chicken	Retail	.
SA20112742	Group4	S.Heidelberg	QC	QC	2011	Chicken	Retail	.
SA20113457	Group1	S.Heidelberg	QC	QC	2011	Chicken	Retail	.
SA20116348	Group4	S.Kentucky	QC	QC	2011	Chicken	Retail	.
SA20116638	Group4	S.Heidelberg	QC	QC	2011	Chicken	Retail	.
SA20156269	Group4	S.Heidelberg	QC	QC	2013	Chicken	Retail	.
SA20133599	Group4	S.Heidelberg	QC	QC	2013	Chicken	Retail	.
SA20141864	Group4	S.Heidelberg	QC	QC	2013	Chicken	Retail	.
SA20142889	Group4	S.Heidelberg	QC	QC	2014	Chicken	Retail	.
SA20094419	Group4	S.Heidelberg	SK	PRA	2009	Chicken	Retail	.
SA20100450	Group4	S.Heidelberg	SK	PRA	2009	Chicken	Retail	.
SA20101705	Group4	S.Heidelberg	SK	PRA	2010	Chicken	Retail	.
SA20144414	Group3	S.Heidelberg	ON	ON	2013	Chicken	Diagnostic	432
SA20152680	Group3	S.Kentucky	AB	PRA	2013	Chicken	Diagnostic	429
SA20152681	Group3	S.Kentucky	AB	PRA	2013	Chicken	Diagnostic	429
SA20152924	Group3	S.Kentucky	AB	PRA	2013	Chicken	Diagnostic	429
SA20152927	Group3	S.Kentucky	AB	PRA	2013	Chicken	Diagnostic	429
SA20152000	Group3	S.Kentucky	AB	PRA	2013	Chicken	Diagnostic	428
SA20152001	Group3	S.Kentucky	AB	PRA	2013	Chicken	Diagnostic	428
SA20152002	Group3	S.Kentucky	AB	PRA	2013	Chicken	Diagnostic	428
SA20152004	Group3	S.Kentucky	AB	PRA	2013	Chicken	Diagnostic	428
SA20151993	Group3	S.Heidelberg	AB	PRA	2013	Chicken	Diagnostic	427
SA20151998	Group3	S.Kentucky	AB	PRA	2013	Chicken	Diagnostic	427
SA20146199	Group3	S.Heidelberg	AB	PRA	2013	Chicken	Diagnostic	426
SA20146201	Group3	S.Heidelberg	AB	PRA	2013	Chicken	Diagnostic	426
SA20146203	Group3	S.Heidelberg	AB	PRA	2013	Chicken	Diagnostic	426
SA20140861	Group3	S.Heidelberg	AB	PRA	2013	Chicken	Diagnostic	425
SA20140862	Group3	S.Heidelberg	AB	PRA	2013	Chicken	Diagnostic	425
SA20135865	Group3	S.Heidelberg	AB	PRA	2013	Chicken	Abattoir	.
SA20150793	Group3	S.Heidelberg	AB	PRA	2013	Chicken	Abattoir	.
SA20135344	Group3	S.Heidelberg	BC	WEST	2013	Chicken	Abattoir	.
SA20135877	Group3	S.Heidelberg	BC	WEST	2013	Chicken	Abattoir	.
SA20135906	Group3	S.Heidelberg	BC	WEST	2013	Chicken	Abattoir	.
SA20130913	Group3	S.Heidelberg	ON	ON	2013	Chicken	Abattoir	.
SA20133036	Group3	S.Heidelberg	ON	ON	2013	Chicken	Abattoir	353
SA20133037	Group3	S.Heidelberg	ON	ON	2013	Chicken	Abattoir	353
SA20133096	Group3	S.Heidelberg	ON	ON	2013	Chicken	Abattoir	354
SA20141123	Group3	S.Heidelberg	ON	ON	2013	Chicken	Abattoir	.
SA20142924	Group3	S.Heidelberg	ON	ON	2015	Chicken	Abattoir	.
SA20133595	Group3	S.Heidelberg	QC	QC	2014	Chicken	Abattoir	.
SA20145892	Group3	S.Heidelberg	QC	QC	2015	Chicken	Abattoir	355
SA20133663	Group3	S.Heidelberg	AB	PRA	2013	Chicken	Diagnostic	.
SA20140863	Group3	S.Heidelberg	AB	PRA	2013	Chicken	Diagnostic	.
SA20146792	Group3	S.Heidelberg	AB	PRA	2013	Chicken	Diagnostic	.
SA20152005	Group3	S.Heidelberg	AB	PRA	2013	Chicken	Diagnostic	.
SA20152006	Group3	S.Kentucky	AB	PRA	2013	Chicken	Diagnostic	.
SA20153681	Group3	S.Heidelberg	AB	PRA	2013	Chicken	Diagnostic	.
SA20131822	Group3	S.Heidelberg	BC	WEST	2013	Chicken	Diagnostic	.
SA20151983	Group3	S.Heidelberg	BC	WEST	2013	Chicken	Diagnostic	.
SA20153138	Group3	S.Heidelberg	BC	WEST	2013	Chicken	Diagnostic	.
SA20022156	Group3	S.Heidelberg	ON	ON	2002	Chicken	Diagnostic	.
SA20132617	Group3	S.Heidelberg	ON	ON	2013	Chicken	Diagnostic	.
SA20141666	Group3	S.Heidelberg	AB	PRA	2013	Chicken	Farm	322
SA20141678	Group3	S.Heidelberg	AB	PRA	2013	Chicken	Farm	322
SA20141679	Group3	S.Heidelberg	AB	PRA	2013	Chicken	Farm	322
SA20141680	Group3	S.Heidelberg	AB	PRA	2013	Chicken	Farm	322
SA20141682	Group3	S.Heidelberg	AB	PRA	2013	Chicken	Farm	323
SA20141690	Group3	S.Heidelberg	AB	PRA	2013	Chicken	Farm	324
SA20141691	Group3	S.Heidelberg	AB	PRA	2013	Chicken	Farm	324
SA20135417	Group3	S.Heidelberg	BC	WEST	2013	Chicken	Farm	325
SA20135418	Group3	S.Heidelberg	BC	WEST	2013	Chicken	Farm	325
SA20135419	Group3	S.Heidelberg	BC	WEST	2013	Chicken	Farm	325
SA20160678	Group3	S.Heidelberg	BC	WEST	2013	Chicken	Farm	332
SA20160679	Group3	S.Heidelberg	BC	WEST	2013	Chicken	Farm	332
SA20160680	Group3	S.Heidelberg	BC	WEST	2013	Chicken	Farm	332
SA20160681	Group3	S.Heidelberg	BC	WEST	2013	Chicken	Farm	332
SA20160671	Group3	S.Heidelberg	BC	WEST	2013	Chicken	Farm	331
SA20160672	Group3	S.Kentucky	BC	WEST	2013	Chicken	Farm	331
SA20160673	Group3	S.Kentucky	BC	WEST	2013	Chicken	Farm	331
SA20160674	Group3	S.Heidelberg	BC	WEST	2013	Chicken	Farm	333
SA20160675	Group3	S.Heidelberg	BC	WEST	2013	Chicken	Farm	333
SA20160677	Group3	S.Heidelberg	BC	WEST	2013	Chicken	Farm	333
SA20161199	Group3	S.Heidelberg	BC	WEST	2014	Chicken	Farm	334
SA20161200	Group3	S.Heidelberg	BC	WEST	2014	Chicken	Farm	334
SA20161201	Group3	S.Heidelberg	BC	WEST	2014	Chicken	Farm	334
SA20161202	Group3	S.Heidelberg	BC	WEST	2014	Chicken	Farm	334
SA20161193	Group3	S.Heidelberg	BC	WEST	2014	Chicken	Farm	335
SA20161194	Group3	S.Heidelberg	BC	WEST	2014	Chicken	Farm	335
SA20161195	Group3	S.Heidelberg	BC	WEST	2014	Chicken	Farm	336
SA20161196	Group3	S.Heidelberg	BC	WEST	2014	Chicken	Farm	336
SA20161197	Group3	S.Heidelberg	BC	WEST	2014	Chicken	Farm	336
SA20161198	Group3	S.Heidelberg	BC	WEST	2014	Chicken	Farm	336
SA20161203	Group3	S.Heidelberg	BC	WEST	2014	Chicken	Farm	337
SA20132057	Group3	S.Heidelberg	ON	ON	2013	Chicken	Farm	321
SA20132059	Group3	S.Kentucky	ON	ON	2013	Chicken	Farm	321
SA20132060	Group3	S.Heidelberg	ON	ON	2013	Chicken	Farm	321
SA20142588	Group3	S.Heidelberg	ON	ON	2013	Chicken	Farm	321
SA20142589	Group3	S.Heidelberg	ON	ON	2013	Chicken	Farm	321
SA20142590	Group3	S.Heidelberg	ON	ON	2013	Chicken	Farm	321
SA20140466	Group3	S.Heidelberg	ON	ON	2014	Chicken	Farm	28
SA20140471	Group3	S.Heidelberg	ON	ON	2015	Chicken	Farm	2
SA20140472	Group3	S.Heidelberg	ON	ON	2015	Chicken	Farm	2
SA20143800	Group3	S.Heidelberg	QC	QC	2014	Chicken	Farm	.
SA20144758	Group3	S.Heidelberg	QC	QC	2014	Chicken	Farm	.
SA20146410	Group3	S.Heidelberg	QC	QC	2014	Chicken	Farm	.
SA20146415	Group3	S.Kentucky	QC	QC	2014	Chicken	Farm	.
SA20161664	Group3	S.Heidelberg	QC	QC	2015	Chicken	Farm	350
SA20161665	Group3	S.Heidelberg	QC	QC	2015	Chicken	Farm	350
SA20161666	Group3	S.Heidelberg	QC	QC	2015	Chicken	Farm	350
SA20161667	Group3	S.Heidelberg	QC	QC	2015	Chicken	Farm	350
SA20141667	Group3	S.Heidelberg	AB	PRA	2013	Chicken	Hatchery	322
SA20141668	Group3	S.Heidelberg	AB	PRA	2013	Chicken	Hatchery	322
SA20141669	Group3	S.Heidelberg	AB	PRA	2013	Chicken	Hatchery	322
SA20141670	Group3	S.Heidelberg	AB	PRA	2013	Chicken	Hatchery	322
SA20140986	Group3	S.Heidelberg	BC	WEST	2013	Chicken	Hatchery	.
SA20161331	Group3	S.Heidelberg	QC	QC	2014	Chicken	Hatchery	.
SA20143816	Group3	S.Heidelberg	BC	WEST	2013	Chicken	Processing	.
SA20135871	Group3	S.Heidelberg	QC	QC	2013	Chicken	Processing	.
SA20135911	Group3	S.Heidelberg	QC	QC	2013	Chicken	Processing	.
SA20146414	Group3	S.Heidelberg	QC	QC	2014	Chicken	Processing	.
SA20135347	Group3	S.Heidelberg	AB	PRA	2013	Chicken	Retail	.
SA20141538	Group3	S.Heidelberg	AB	PRA	2013	Chicken	Retail	.
SA20141540	Group3	S.Heidelberg	AB	PRA	2013	Chicken	Retail	.
SA20145812	Group3	S.Kentucky	AB	PRA	2013	Chicken	Retail	.
SA20152810	Group3	S.Heidelberg	AB	PRA	2013	Chicken	Retail	.
SA20160809	Group3	S.Kentucky	AB	PRA	2013	Chicken	Retail	.
SA20160907	Group3	S.Heidelberg	AB	PRA	2015	Chicken	Retail	.
SA20131743	Group3	S.Heidelberg	BC	WEST	2013	Chicken	Retail	.
SA20131710	Group3	S.Heidelberg	BC	WEST	2013	Chicken	Retail	.
SA20131748	Group3	S.Kentucky	BC	WEST	2013	Chicken	Retail	.
SA20131757	Group3	S.Heidelberg	BC	WEST	2013	Chicken	Retail	.
SA20131763	Group3	S.Heidelberg	BC	WEST	2013	Chicken	Retail	.
SA20131788	Group3	S.Heidelberg	BC	WEST	2013	Chicken	Retail	.
SA20131790	Group3	S.Heidelberg	BC	WEST	2013	Chicken	Retail	.
SA20132947	Group3	S.Heidelberg	BC	WEST	2013	Chicken	Retail	.
SA20132688	Group3	S.Heidelberg	BC	WEST	2013	Chicken	Retail	.
SA20135146	Group3	S.Heidelberg	BC	WEST	2013	Chicken	Retail	.
SA20140015	Group3	S.Heidelberg	BC	WEST	2013	Chicken	Retail	.
SA20142567	Group3	S.Heidelberg	BC	WEST	2013	Chicken	Retail	.
SA20142581	Group3	S.Heidelberg	BC	WEST	2013	Chicken	Retail	.
SA20143193	Group3	S.Heidelberg	BC	WEST	2013	Chicken	Retail	.
SA20143194	Group3	S.Heidelberg	BC	WEST	2013	Chicken	Retail	.
SA20145795	Group3	S.Heidelberg	BC	WEST	2013	Chicken	Retail	.
SA20145794	Group3	S.Heidelberg	BC	WEST	2013	Chicken	Retail	.
SA20152807	Group3	S.Heidelberg	BC	WEST	2013	Chicken	Retail	.
SA20153265	Group3	S.Heidelberg	BC	WEST	2013	Chicken	Retail	.
SA20153371	Group3	S.Kentucky	BC	WEST	2013	Chicken	Retail	.
SA20153392	Group3	S.Kentucky	BC	WEST	2013	Chicken	Retail	.
SA20156275	Group3	S.Kentucky	BC	WEST	2013	Chicken	Retail	.
SA20160323	Group3	S.Heidelberg	BC	WEST	2013	Chicken	Retail	.
SA20135256	Group3	S.Heidelberg	BC	WEST	2014	Chicken	Retail	.
SA20160908	Group3	S.Kentucky	BC	WEST	2015	Chicken	Retail	.
SA20160369	Group3	S.Heidelberg	BC	WEST	2015	Chicken	Retail	.
SA20140453	Group3	S.Kentucky	BC	WEST	2015	Chicken	Retail	.
SA20160930	Group3	S.Heidelberg	BC	WEST	2015	Chicken	Retail	.
SA20142572	Group3	S.Kentucky	BC	WEST	2015	Chicken	Retail	.
SA20135923	Group3	S.Heidelberg	NB	ATL	2013	Chicken	Retail	.
SA20141758	Group3	S.Heidelberg	NB	ATL	2013	Chicken	Retail	.
SA20141063	Group3	S.Heidelberg	NB	ATL	2014	Chicken	Retail	.
SA20141757	Group3	S.Heidelberg	NB	ATL	2015	Chicken	Retail	.
SA20145297	Group3	S.Kentucky	NB	ATL	2015	Chicken	Retail	.
SA20145787	Group3	S.Heidelberg	NS	ATL	2013	Chicken	Retail	.
SA20144942	Group3	S.Kentucky	NS	ATL	2013	Chicken	Retail	.
SA20135928	Group3	S.Heidelberg	NS	ATL	2014	Chicken	Retail	.
SA20144943	Group3	S.Heidelberg	NS	ATL	2015	Chicken	Retail	.
SA20144944	Group3	S.Heidelberg	NS	ATL	2015	Chicken	Retail	.
SA20145312	Group3	S.Heidelberg	NS	ATL	2015	Chicken	Retail	.
SA20132934	Group3	S.Heidelberg	ON	ON	2013	Chicken	Retail	.
SA20132921	Group3	S.Heidelberg	ON	ON	2013	Chicken	Retail	.
SA20132668	Group3	S.Heidelberg	ON	ON	2013	Chicken	Retail	.
SA20135506	Group3	S.Heidelberg	ON	ON	2013	Chicken	Retail	.
SA20141537	Group3	S.Heidelberg	ON	ON	2013	Chicken	Retail	.
SA20142566	Group3	S.Heidelberg	ON	ON	2013	Chicken	Retail	.
SA20143303	Group3	S.Heidelberg	ON	ON	2013	Chicken	Retail	.
SA20135121	Group3	S.Heidelberg	ON	ON	2013	Chicken	Retail	32
SA20135136	Group3	S.Heidelberg	ON	ON	2013	Chicken	Retail	8
SA20146300	Group3	S.Heidelberg	ON	ON	2014	Chicken	Retail	221
SA20141536	Group3	S.Heidelberg	ON	ON	2015	Chicken	Retail	88
SA20142291	Group3	S.Heidelberg	ON	ON	2015	Chicken	Retail	.
SA20143052	Group3	S.Heidelberg	ON	ON	2015	Chicken	Retail	.
SA20141075	Group3	S.Heidelberg	PEI	ATL	2014	Chicken	Retail	.
SA20144957	Group3	S.Heidelberg	PEI	ATL	2015	Chicken	Retail	.
SA20131262	Group3	S.Heidelberg	QC	QC	2013	Chicken	Retail	.
SA20135771	Group3	S.Heidelberg	QC	QC	2013	Chicken	Retail	.
SA20141096	Group3	S.Kentucky	QC	QC	2013	Chicken	Retail	.
SA20153362	Group3	S.Heidelberg	QC	QC	2013	Chicken	Retail	.
SA20160814	Group3	S.Heidelberg	QC	QC	2013	Chicken	Retail	.
SA20133625	Group3	S.Kentucky	QC	QC	2014	Chicken	Retail	.
SA20142890	Group3	S.Heidelberg	QC	QC	2014	Chicken	Retail	.
SA20143577	Group3	S.Heidelberg	QC	QC	2014	Chicken	Retail	.
SA20145639	Group3	S.Kentucky	QC	QC	2014	Chicken	Retail	.
SA20135772	Group3	S.Heidelberg	QC	QC	2014	Chicken	Retail	.
SA20146312	Group3	S.Heidelberg	QC	QC	2014	Chicken	Retail	.
SA20140624	Group3	S.Heidelberg	QC	QC	2014	Chicken	Retail	.
SA20160899	Group3	S.Kentucky	QC	QC	2015	Chicken	Retail	.
SA20140981	Group3	S.Heidelberg	QC	QC	2015	Chicken	Retail	.
SA20141106	Group3	S.Heidelberg	QC	QC	2015	Chicken	Retail	.
SA20141104	Group3	S.Kentucky	QC	QC	2015	Chicken	Retail	.
SA20141526	Group3	S.Heidelberg	QC	QC	2015	Chicken	Retail	.
SA20141541	Group3	S.Heidelberg	QC	QC	2015	Chicken	Retail	.
SA20141542	Group3	S.Heidelberg	QC	QC	2015	Chicken	Retail	.
SA20141543	Group3	S.Kentucky	QC	QC	2015	Chicken	Retail	.
SA20142057	Group3	S.Heidelberg	QC	QC	2015	Chicken	Retail	.
SA20142058	Group3	S.Heidelberg	QC	QC	2015	Chicken	Retail	.
SA20142186	Group3	S.Heidelberg	QC	QC	2015	Chicken	Retail	.
SA20142525	Group3	S.Heidelberg	QC	QC	2015	Chicken	Retail	.
SA20143282	Group3	S.Heidelberg	QC	QC	2015	Chicken	Retail	.
SA20143293	Group3	S.Heidelberg	QC	QC	2015	Chicken	Retail	.
SA20144527	Group3	S.Heidelberg	QC	QC	2015	Chicken	Retail	.
SA20145087	Group3	S.Heidelberg	QC	QC	2015	Chicken	Retail	.
SA20145123	Group3	S.Heidelberg	QC	QC	2015	Chicken	Retail	.
SA20140974	Group3	S.Heidelberg	SK	PRA	2013	Chicken	Retail	.
SA20141112	Group3	S.Heidelberg	SK	PRA	2013	Chicken	Retail	.
SA20143059	Group3	S.Heidelberg	SK	PRA	2013	Chicken	Retail	.
SA20143062	Group3	S.Heidelberg	SK	PRA	2013	Chicken	Retail	.
SA20125645	Group2	S.Heidelberg	ON	ON	2012	Chicken	Abattoir	419
SA20125646	Group2	S.Heidelberg	ON	ON	2012	Chicken	Abattoir	419
SA20044149	Group2	S.Heidelberg	ON	ON	2004	Chicken	Abattoir	414
SA20044150	Group2	S.Heidelberg	ON	ON	2004	Chicken	Abattoir	414
SA20075382	Group2	S.Heidelberg	BC	WEST	2007	Chicken	Abattoir	.
SA20122322	Group2	S.Heidelberg	NB	ATL	2012	Chicken	Abattoir	.
SA20123341	Group2	S.Heidelberg	NB	ATL	2012	Chicken	Abattoir	.
SA20101076	Group2	S.Heidelberg	NS	ATL	2010	Chicken	Abattoir	.
SA20091962	Group2	S.Heidelberg	ON	ON	2009	Chicken	Abattoir	.
SA20116392	Group2	S.Heidelberg	ON	ON	2011	Chicken	Abattoir	.
SA20123133	Group2	S.Heidelberg	ON	ON	2012	Chicken	Abattoir	.
SA20093575	Group2	S.Heidelberg	QC	QC	2009	Chicken	Abattoir	.
SA20104606	Group2	S.Heidelberg	QC	QC	2010	Chicken	Abattoir	.
SA20142370	Group2	S.Heidelberg	QC	QC	2013	Chicken	Abattoir	.
SA20143084	Group2	S.Heidelberg	QC	QC	2013	Chicken	Abattoir	.
SA20141302	Group2	S.Heidelberg	QC	QC	2015	Chicken	Abattoir	355
SA20090484	Group2	S.Heidelberg	AB	PRA	2010	Chicken	Diagnostic	372
SA20151365	Group2	S.Heidelberg	AB	PRA	2013	Chicken	Farm	.
SA20131316	Group2	S.Heidelberg	NS	ATL	2013	Chicken	Farm	.
SA20140096	Group2	S.Heidelberg	NS	ATL	2015	Chicken	Farm	404
SA20135886	Group2	S.Heidelberg	ON	ON	2013	Chicken	Farm	116
SA20142512	Group2	S.Heidelberg	ON	ON	2013	Chicken	Farm	159
SA20141001	Group2	S.Heidelberg	ON	ON	2015	Chicken	Farm	45
SA20151571	Group2	S.Heidelberg	QC	QC	2013	Chicken	Farm	344
SA20151570	Group2	S.Kentucky	QC	QC	2013	Chicken	Farm	344
SA20151568	Group2	S.Heidelberg	QC	QC	2013	Chicken	Farm	344
SA20151569	Group2	S.Kentucky	QC	QC	2013	Chicken	Farm	344
SA20140810	Group2	S.Heidelberg	QC	QC	2013	Chicken	Farm	.
SA20143319	Group2	S.Kentucky	QC	QC	2014	Chicken	Farm	.
SA20130076	Group2	S.Heidelberg	ON	ON	2013	Chicken	Hatchery	264
SA20130077	Group2	S.Heidelberg	ON	ON	2013	Chicken	Hatchery	264
SA20130078	Group2	S.Heidelberg	ON	ON	2013	Chicken	Hatchery	264
SA20130558	Group2	S.Heidelberg	ON	ON	2013	Chicken	Hatchery	268
SA20131213	Group2	S.Heidelberg	ON	ON	2013	Chicken	Hatchery	275
SA20131293	Group2	S.Heidelberg	ON	ON	2013	Chicken	Hatchery	275
SA20133192	Group2	S.Heidelberg	ON	ON	2014	Chicken	Hatchery	298
SA20133194	Group2	S.Heidelberg	ON	ON	2014	Chicken	Hatchery	298
SA20133195	Group2	S.Heidelberg	ON	ON	2014	Chicken	Hatchery	298
SA20134128	Group2	S.Heidelberg	ON	ON	2014	Chicken	Hatchery	307
SA20136152	Group2	S.Kentucky	ON	ON	2015	Chicken	Hatchery	320
SA20136153	Group2	S.Kentucky	ON	ON	2015	Chicken	Hatchery	320
SA20136156	Group2	S.Kentucky	ON	ON	2015	Chicken	Hatchery	320
SA20136157	Group2	S.Kentucky	ON	ON	2015	Chicken	Hatchery	320
SA20136158	Group2	S.Heidelberg	ON	ON	2015	Chicken	Hatchery	320
SA20142988	Group2	S.Heidelberg	ON	ON	2013	Chicken	Processing	164
SA20141989	Group2	S.Heidelberg	QC	QC	2013	Chicken	Processing	.
SA20143492	Group2	S.Heidelberg	QC	QC	2014	Chicken	Processing	.
SA20145294	Group2	S.Heidelberg	AB	PRA	2013	Chicken	Retail	.
SA20151043	Group2	S.Kentucky	AB	PRA	2013	Chicken	Retail	.
SA20145265	Group2	S.Kentucky	AB	PRA	2015	Chicken	Retail	.
SA20124434	Group2	S.Heidelberg	BC	WEST	2012	Chicken	Retail	.
SA20152998	Group2	S.Heidelberg	BC	WEST	2013	Chicken	Retail	.
SA20153002	Group2	S.Heidelberg	BC	WEST	2013	Chicken	Retail	.
SA20154361	Group2	S.Heidelberg	BC	WEST	2013	Chicken	Retail	.
SA20154362	Group2	S.Heidelberg	BC	WEST	2013	Chicken	Retail	.
SA20155849	Group2	S.Heidelberg	BC	WEST	2013	Chicken	Retail	.
SA20155848	Group2	S.Heidelberg	BC	WEST	2013	Chicken	Retail	.
SA20140613	Group2	S.Heidelberg	BC	WEST	2015	Chicken	Retail	.
SA20143198	Group2	S.Heidelberg	BC	WEST	2015	Chicken	Retail	.
SA20145777	Group2	S.Heidelberg	NB	ATL	2007	Chicken	Retail	.
SA20092061	Group2	S.Heidelberg	NB	ATL	2009	Chicken	Retail	.
SA20103878	Group2	S.Heidelberg	NB	ATL	2010	Chicken	Retail	.
SA20113984	Group2	S.Heidelberg	NB	ATL	2011	Chicken	Retail	.
SA20120633	Group2	S.Heidelberg	NB	ATL	2011	Chicken	Retail	.
SA20151606	Group2	S.Kentucky	NB	ATL	2013	Chicken	Retail	.
SA20141751	Group2	S.Heidelberg	NB	ATL	2015	Chicken	Retail	.
SA20144961	Group2	S.Heidelberg	NB	ATL	2015	Chicken	Retail	.
SA20101489	Group2	S.Heidelberg	NS	ATL	2009	Chicken	Retail	.
SA20121379	Group2	S.Heidelberg	NS	ATL	2012	Chicken	Retail	.
SA20143566	Group2	S.Heidelberg	NS	ATL	2014	Chicken	Retail	.
SA20065127	Group2	S.Heidelberg	ON	ON	2006	Chicken	Retail	.
SA20090895	Group2	S.Heidelberg	ON	ON	2009	Chicken	Retail	.
SA20100420	Group2	S.Heidelberg	ON	ON	2009	Chicken	Retail	.
SA20110399	Group2	S.Heidelberg	ON	ON	2010	Chicken	Retail	.
SA20115007	Group2	S.Heidelberg	ON	ON	2011	Chicken	Retail	.
SA20121184	Group2	S.Heidelberg	ON	ON	2012	Chicken	Retail	.
SA20122665	Group2	S.Heidelberg	ON	ON	2012	Chicken	Retail	.
SA20122692	Group2	S.Heidelberg	ON	ON	2012	Chicken	Retail	.
SA20123317	Group2	S.Heidelberg	ON	ON	2012	Chicken	Retail	.
SA20125940	Group2	S.Heidelberg	ON	ON	2012	Chicken	Retail	.
SA20150923	Group2	S.Heidelberg	ON	ON	2013	Chicken	Retail	.
SA20151263	Group2	S.Heidelberg	ON	ON	2013	Chicken	Retail	.
SA20131617	Group2	S.Heidelberg	ON	ON	2013	Chicken	Retail	127
SA20154683	Group2	S.Heidelberg	ON	ON	2013	Chicken	Retail	.
SA20131732	Group2	S.Heidelberg	ON	ON	2013	Chicken	Retail	20
SA20152811	Group2	S.Kentucky	ON	ON	2013	Chicken	Retail	.
SA20133630	Group2	S.Heidelberg	ON	ON	2014	Chicken	Retail	51
SA20143144	Group2	S.Heidelberg	ON	ON	2014	Chicken	Retail	.
SA20145856	Group2	S.Heidelberg	ON	ON	2014	Chicken	Retail	.
SA20140010	Group2	S.Kentucky	ON	ON	2014	Chicken	Retail	16
SA20141083	Group2	S.Heidelberg	ON	ON	2015	Chicken	Retail	64
SA20142280	Group2	S.Heidelberg	ON	ON	2015	Chicken	Retail	.
SA20143305	Group2	S.Heidelberg	ON	ON	2015	Chicken	Retail	.
SA20113989	Group2	S.Heidelberg	PEI	ATL	2011	Chicken	Retail	.
SA20113990	Group2	S.Heidelberg	PEI	ATL	2011	Chicken	Retail	.
SA20121381	Group2	S.Heidelberg	PEI	ATL	2012	Chicken	Retail	.
SA20145782	Group2	S.Heidelberg	PEI	ATL	2013	Chicken	Retail	.
SA20145783	Group2	S.Heidelberg	PEI	ATL	2013	Chicken	Retail	.
SA20050337	Group2	S.Heidelberg	QC	QC	2004	Chicken	Retail	.
SA20072094	Group2	S.Kentucky	QC	QC	2007	Chicken	Retail	.
SA20090881	Group2	S.Heidelberg	QC	QC	2009	Chicken	Retail	.
SA20093962	Group2	S.Heidelberg	QC	QC	2009	Chicken	Retail	.
SA20101708	Group2	S.Heidelberg	QC	QC	2010	Chicken	Retail	.
SA20104613	Group2	S.Heidelberg	QC	QC	2010	Chicken	Retail	.
SA20104936	Group2	S.Heidelberg	QC	QC	2010	Chicken	Retail	.
SA20111561	Group2	S.Heidelberg	QC	QC	2011	Chicken	Retail	.
SA20113456	Group2	S.Heidelberg	QC	QC	2011	Chicken	Retail	.
SA20116640	Group2	S.Heidelberg	QC	QC	2011	Chicken	Retail	.
SA20121148	Group2	S.Heidelberg	QC	QC	2012	Chicken	Retail	.
SA20121166	Group2	S.Heidelberg	QC	QC	2012	Chicken	Retail	.
SA20122585	Group2	S.Heidelberg	QC	QC	2012	Chicken	Retail	.
SA20122586	Group2	S.Heidelberg	QC	QC	2012	Chicken	Retail	.
SA20121802	Group2	S.Heidelberg	QC	QC	2012	Chicken	Retail	.
SA20121803	Group2	S.Heidelberg	QC	QC	2012	Chicken	Retail	.
SA20122714	Group2	S.Heidelberg	QC	QC	2012	Chicken	Retail	.
SA20122240	Group2	S.Heidelberg	QC	QC	2012	Chicken	Retail	.
SA20145316	Group2	S.Heidelberg	QC	QC	2013	Chicken	Retail	.
SA20150298	Group2	S.Heidelberg	QC	QC	2013	Chicken	Retail	.
SA20151578	Group2	S.Heidelberg	QC	QC	2013	Chicken	Retail	.
SA20153035	Group2	S.Heidelberg	QC	QC	2013	Chicken	Retail	.
SA20131197	Group2	S.Heidelberg	QC	QC	2013	Chicken	Retail	.
SA20153245	Group2	S.Heidelberg	QC	QC	2013	Chicken	Retail	.
SA20153377	Group2	S.Kentucky	QC	QC	2013	Chicken	Retail	.
SA20154703	Group2	S.Heidelberg	QC	QC	2013	Chicken	Retail	.
SA20156001	Group2	S.Heidelberg	QC	QC	2013	Chicken	Retail	.
SA20156288	Group2	S.Heidelberg	QC	QC	2013	Chicken	Retail	.
SA20133121	Group2	S.Heidelberg	QC	QC	2013	Chicken	Retail	.
SA20134864	Group2	S.Heidelberg	QC	QC	2013	Chicken	Retail	.
SA20133598	Group2	S.Heidelberg	QC	QC	2013	Chicken	Retail	.
SA20143166	Group2	S.Heidelberg	QC	QC	2014	Chicken	Retail	.
SA20143562	Group2	S.Heidelberg	QC	QC	2014	Chicken	Retail	.
SA20143563	Group2	S.Heidelberg	QC	QC	2014	Chicken	Retail	.
SA20145637	Group2	S.Heidelberg	QC	QC	2014	Chicken	Retail	.
SA20145651	Group2	S.Kentucky	QC	QC	2014	Chicken	Retail	.
SA20150583	Group2	S.Heidelberg	QC	QC	2014	Chicken	Retail	.
SA20141093	Group2	S.Heidelberg	QC	QC	2015	Chicken	Retail	.
SA20142273	Group2	S.Kentucky	QC	QC	2015	Chicken	Retail	.
SA20145127	Group2	S.Heidelberg	QC	QC	2015	Chicken	Retail	.
SA20134738	Group2	S.Heidelberg	SK	PRA	2013	Chicken	Retail	.
SA20123947	Group1	S.Heidelberg	ON	ON	2013	Chicken	Diagnostic	433
SA20125490	Group1	S.Heidelberg	ON	ON	2013	Chicken	Diagnostic	433
SA20113565	Group1	S.Heidelberg	ON	ON	2013	Chicken	Diagnostic	432
SA20114710	Group1	S.Heidelberg	ON	ON	2013	Chicken	Diagnostic	432
SA20082288	Group1	S.Heidelberg	ON	ON	2010	Chicken	Diagnostic	431
SA20063750	Group1	S.Heidelberg	NS	ATL	2006	Chicken	Diagnostic	430
SA20063751	Group1	S.Heidelberg	NS	ATL	2006	Chicken	Diagnostic	430
SA20142385	Group1	S.Heidelberg	ON	ON	2013	Chicken	Abattoir	420
SA20094026	Group1	S.Heidelberg	ON	ON	2009	Chicken	Abattoir	418
SA20094027	Group1	S.Heidelberg	ON	ON	2009	Chicken	Abattoir	418
SA20093555	Group1	S.Heidelberg	ON	ON	2009	Chicken	Abattoir	417
SA20093556	Group1	S.Heidelberg	ON	ON	2009	Chicken	Abattoir	417
SA20060333	Group1	S.Heidelberg	ON	ON	2005	Chicken	Abattoir	416
SA20060334	Group1	S.Heidelberg	ON	ON	2005	Chicken	Abattoir	416
SA20050305	Group1	S.Heidelberg	ON	ON	2004	Chicken	Abattoir	415
SA20050299	Group1	S.Kentucky	ON	ON	2004	Chicken	Abattoir	415
SA20054970	Group1	S.Heidelberg	BC	WEST	2005	Chicken	Abattoir	.
SA20084097	Group1	S.Heidelberg	BC	WEST	2008	Chicken	Abattoir	.
SA20095023	Group1	S.Heidelberg	BC	WEST	2009	Chicken	Abattoir	.
SA20101689	Group1	S.Heidelberg	BC	WEST	2010	Chicken	Abattoir	.
SA20116396	Group1	S.Kentucky	BC	WEST	2011	Chicken	Abattoir	.
SA20130161	Group1	S.Heidelberg	BC	WEST	2012	Chicken	Abattoir	.
SA20141141	Group1	S.Heidelberg	BC	WEST	2013	Chicken	Abattoir	.
SA20146389	Group1	S.Kentucky	BC	WEST	2013	Chicken	Abattoir	.
SA20141954	Group1	S.Heidelberg	MB	PRA	2013	Chicken	Abattoir	351
SA20151236	Group1	S.Heidelberg	MB	PRA	2013	Chicken	Abattoir	351
SA20103792	Group1	S.Heidelberg	NB	ATL	2010	Chicken	Abattoir	.
SA20064834	Group1	S.Heidelberg	NS	ATL	2006	Chicken	Abattoir	.
SA20073511	Group1	S.Heidelberg	NS	ATL	2007	Chicken	Abattoir	.
SA20073512	Group1	S.Heidelberg	NS	ATL	2007	Chicken	Abattoir	.
SA20146464	Group1	S.Heidelberg	NS	ATL	2007	Chicken	Abattoir	352
SA20090413	Group1	S.Heidelberg	NS	ATL	2008	Chicken	Abattoir	.
SA20026264	Group1	S.Heidelberg	ON	ON	2002	Chicken	Abattoir	.
SA20035013	Group1	S.Heidelberg	ON	ON	2003	Chicken	Abattoir	.
SA20035032	Group1	S.Heidelberg	ON	ON	2003	Chicken	Abattoir	.
SA20043515	Group1	S.Heidelberg	ON	ON	2004	Chicken	Abattoir	.
SA20043517	Group1	S.Heidelberg	ON	ON	2004	Chicken	Abattoir	.
SA20044105	Group1	S.Heidelberg	ON	ON	2004	Chicken	Abattoir	.
SA20050378	Group1	S.Heidelberg	ON	ON	2004	Chicken	Abattoir	.
SA20054905	Group1	S.Heidelberg	ON	ON	2005	Chicken	Abattoir	.
SA20055355	Group1	S.Heidelberg	ON	ON	2005	Chicken	Abattoir	.
SA20055361	Group1	S.Heidelberg	ON	ON	2005	Chicken	Abattoir	.
SA20055430	Group1	S.Heidelberg	ON	ON	2005	Chicken	Abattoir	.
SA20062382	Group1	S.Heidelberg	ON	ON	2006	Chicken	Abattoir	.
SA20064504	Group1	S.Heidelberg	ON	ON	2006	Chicken	Abattoir	.
SA20064835	Group1	S.Heidelberg	ON	ON	2006	Chicken	Abattoir	.
SA20065453	Group1	S.Kentucky	ON	ON	2006	Chicken	Abattoir	.
SA20070412	Group1	S.Heidelberg	ON	ON	2006	Chicken	Abattoir	.
SA20072217	Group1	S.Heidelberg	ON	ON	2007	Chicken	Abattoir	.
SA20075387	Group1	S.Kentucky	ON	ON	2007	Chicken	Abattoir	.
SA20080282	Group1	S.Heidelberg	ON	ON	2007	Chicken	Abattoir	.
SA20080648	Group1	S.Heidelberg	ON	ON	2007	Chicken	Abattoir	.
SA20084090	Group1	S.Heidelberg	ON	ON	2008	Chicken	Abattoir	.
SA20090427	Group1	S.Heidelberg	ON	ON	2008	Chicken	Abattoir	.
SA20090913	Group1	S.Heidelberg	ON	ON	2009	Chicken	Abattoir	.
SA20100711	Group1	S.Heidelberg	ON	ON	2010	Chicken	Abattoir	.
SA20104590	Group1	S.Heidelberg	ON	ON	2010	Chicken	Abattoir	.
SA20104821	Group1	S.Heidelberg	ON	ON	2010	Chicken	Abattoir	.
SA20110135	Group1	S.Heidelberg	ON	ON	2010	Chicken	Abattoir	.
SA20112845	Group1	S.Heidelberg	ON	ON	2011	Chicken	Abattoir	.
SA20120337	Group1	S.Heidelberg	ON	ON	2011	Chicken	Abattoir	.
SA20130153	Group1	S.Heidelberg	ON	ON	2012	Chicken	Abattoir	.
SA20141300	Group1	S.Heidelberg	ON	ON	2013	Chicken	Abattoir	354
SA20150801	Group1	S.Heidelberg	ON	ON	2013	Chicken	Abattoir	.
SA20133095	Group1	S.Heidelberg	ON	ON	2013	Chicken	Abattoir	47
SA20133589	Group1	S.Heidelberg	ON	ON	2014	Chicken	Abattoir	47
SA20161118	Group1	S.Heidelberg	ON	ON	2015	Chicken	Abattoir	.
SA20142923	Group1	S.Heidelberg	ON	ON	2015	Chicken	Abattoir	.
SA20142368	Group1	S.Heidelberg	ON	ON	2015	Chicken	Abattoir	.
SA20026250	Group1	S.Heidelberg	QC	QC	2002	Chicken	Abattoir	.
SA20026277	Group1	S.Heidelberg	QC	QC	2002	Chicken	Abattoir	.
SA20034992	Group1	S.Heidelberg	QC	QC	2003	Chicken	Abattoir	.
SA20035011	Group1	S.Heidelberg	QC	QC	2003	Chicken	Abattoir	.
SA20043855	Group1	S.Heidelberg	QC	QC	2004	Chicken	Abattoir	.
SA20044106	Group1	S.Heidelberg	QC	QC	2004	Chicken	Abattoir	.
SA20044147	Group1	S.Heidelberg	QC	QC	2004	Chicken	Abattoir	.
SA20050296	Group1	S.Heidelberg	QC	QC	2004	Chicken	Abattoir	.
SA20050308	Group1	S.Heidelberg	QC	QC	2004	Chicken	Abattoir	.
SA20050315	Group1	S.Heidelberg	QC	QC	2004	Chicken	Abattoir	.
SA20050360	Group1	S.Heidelberg	QC	QC	2004	Chicken	Abattoir	.
SA20054908	Group1	S.Heidelberg	QC	QC	2005	Chicken	Abattoir	.
SA20054969	Group1	S.Heidelberg	QC	QC	2005	Chicken	Abattoir	.
SA20054980	Group1	S.Heidelberg	QC	QC	2005	Chicken	Abattoir	.
SA20054978	Group1	S.Heidelberg	QC	QC	2005	Chicken	Abattoir	.
SA20055389	Group1	S.Heidelberg	QC	QC	2005	Chicken	Abattoir	.
SA20104119	Group1	S.Heidelberg	QC	QC	2010	Chicken	Abattoir	.
SA20135342	Group1	S.Heidelberg	QC	QC	2013	Chicken	Abattoir	.
SA20135363	Group1	S.Heidelberg	QC	QC	2013	Chicken	Abattoir	.
SA20143249	Group1	S.Heidelberg	QC	QC	2013	Chicken	Abattoir	355
SA20151246	Group1	S.Heidelberg	QC	QC	2013	Chicken	Abattoir	355
SA20142162	Group1	S.Heidelberg	SK	PRA	2013	Chicken	Abattoir	356
SA20094335	Group1	S.Heidelberg	BC	WEST	2010	Chicken	Diagnostic	.
SA20100364	Group1	S.Kentucky	BC	WEST	2011	Chicken	Diagnostic	.
SA20100366	Group1	S.Kentucky	BC	WEST	2011	Chicken	Diagnostic	.
SA20100367	Group1	S.Kentucky	BC	WEST	2011	Chicken	Diagnostic	.
SA20134811	Group1	S.Heidelberg	BC	WEST	2013	Chicken	Diagnostic	.
SA20141036	Group1	S.Heidelberg	BC	WEST	2013	Chicken	Diagnostic	.
SA20144133	Group1	S.Heidelberg	BC	WEST	2013	Chicken	Diagnostic	.
SA20146795	Group1	S.Heidelberg	BC	WEST	2013	Chicken	Diagnostic	.
SA20150897	Group1	S.Heidelberg	BC	WEST	2013	Chicken	Diagnostic	.
SA20152562	Group1	S.Heidelberg	BC	WEST	2013	Chicken	Diagnostic	.
SA20152563	Group1	S.Heidelberg	BC	WEST	2013	Chicken	Diagnostic	.
SA20156563	Group1	S.Kentucky	BC	WEST	2014	Chicken	Diagnostic	.
SA20104345	Group1	S.Heidelberg	MB	PRA	2011	Chicken	Diagnostic	.
SA20031902	Group1	S.Heidelberg	ON	ON	2003	Chicken	Diagnostic	.
SA20033363	Group1	S.Heidelberg	ON	ON	2003	Chicken	Diagnostic	.
SA20040332	Group1	S.Heidelberg	ON	ON	2004	Chicken	Diagnostic	.
SA20040989	Group1	S.Heidelberg	ON	ON	2004	Chicken	Diagnostic	.
SA20041850	Group1	S.Heidelberg	ON	ON	2004	Chicken	Diagnostic	.
SA20042052	Group1	S.Heidelberg	ON	ON	2004	Chicken	Diagnostic	.
SA20042706	Group1	S.Heidelberg	ON	ON	2004	Chicken	Diagnostic	.
SA20051663	Group1	S.Heidelberg	ON	ON	2005	Chicken	Diagnostic	.
SA20052351	Group1	S.Heidelberg	ON	ON	2005	Chicken	Diagnostic	.
SA20060785	Group1	S.Heidelberg	ON	ON	2006	Chicken	Diagnostic	.
SA20063065	Group1	S.Heidelberg	ON	ON	2006	Chicken	Diagnostic	.
SA20063666	Group1	S.Heidelberg	ON	ON	2006	Chicken	Diagnostic	.
SA20070098	Group1	S.Heidelberg	ON	ON	2007	Chicken	Diagnostic	.
SA20073042	Group1	S.Heidelberg	ON	ON	2007	Chicken	Diagnostic	.
SA20074972	Group1	S.Heidelberg	ON	ON	2008	Chicken	Diagnostic	.
SA20074626	Group1	S.Heidelberg	ON	ON	2008	Chicken	Diagnostic	.
SA20074973	Group1	S.Heidelberg	ON	ON	2008	Chicken	Diagnostic	.
SA20074974	Group1	S.Heidelberg	ON	ON	2008	Chicken	Diagnostic	.
SA20075063	Group1	S.Heidelberg	ON	ON	2008	Chicken	Diagnostic	.
SA20080773	Group1	S.Heidelberg	ON	ON	2010	Chicken	Diagnostic	.
SA20083953	Group1	S.Heidelberg	ON	ON	2010	Chicken	Diagnostic	.
SA20084815	Group1	S.Heidelberg	ON	ON	2010	Chicken	Diagnostic	.
SA20085777	Group1	S.Heidelberg	ON	ON	2010	Chicken	Diagnostic	.
SA20100117	Group1	S.Heidelberg	ON	ON	2011	Chicken	Diagnostic	.
SA20101052	Group1	S.Heidelberg	ON	ON	2011	Chicken	Diagnostic	.
SA20101911	Group1	S.Heidelberg	ON	ON	2011	Chicken	Diagnostic	.
SA20102569	Group1	S.Heidelberg	ON	ON	2011	Chicken	Diagnostic	.
SA20103283	Group1	S.Heidelberg	ON	ON	2011	Chicken	Diagnostic	.
SA20105390	Group1	S.Heidelberg	ON	ON	2011	Chicken	Diagnostic	.
SA20111243	Group1	S.Heidelberg	ON	ON	2012	Chicken	Diagnostic	.
SA20112005	Group1	S.Heidelberg	ON	ON	2012	Chicken	Diagnostic	.
SA20111774	Group1	S.Heidelberg	ON	ON	2012	Chicken	Diagnostic	.
SA20112222	Group1	S.Heidelberg	ON	ON	2012	Chicken	Diagnostic	.
SA20115971	Group1	S.Heidelberg	ON	ON	2013	Chicken	Diagnostic	.
SA20120819	Group1	S.Heidelberg	ON	ON	2013	Chicken	Diagnostic	.
SA20121224	Group1	S.Heidelberg	ON	ON	2013	Chicken	Diagnostic	.
SA20150443	Group1	S.Heidelberg	ON	ON	2013	Chicken	Diagnostic	.
SA20153810	Group1	S.Kentucky	ON	ON	2013	Chicken	Diagnostic	.
SA20130941	Group1	S.Heidelberg	ON	ON	2013	Chicken	Diagnostic	.
SA20132522	Group1	S.Heidelberg	ON	ON	2013	Chicken	Diagnostic	167
SA20132880	Group1	S.Heidelberg	ON	ON	2013	Chicken	Diagnostic	176
SA20143612	Group1	S.Heidelberg	ON	ON	2015	Chicken	Diagnostic	.
SA20115431	Group1	S.Heidelberg	QC	QC	2013	Chicken	Diagnostic	.
SA20141681	Group1	S.Heidelberg	AB	PRA	2013	Chicken	Farm	323
SA20140798	Group1	S.Heidelberg	BC	WEST	2013	Chicken	Farm	.
SA20143937	Group1	S.Heidelberg	BC	WEST	2013	Chicken	Farm	327
SA20145882	Group1	S.Heidelberg	BC	WEST	2013	Chicken	Farm	327
SA20145887	Group1	S.Heidelberg	BC	WEST	2013	Chicken	Farm	.
SA20145883	Group1	S.Heidelberg	BC	WEST	2013	Chicken	Farm	327
SA20145884	Group1	S.Heidelberg	BC	WEST	2013	Chicken	Farm	327
SA20146512	Group1	S.Heidelberg	BC	WEST	2013	Chicken	Farm	329
SA20146513	Group1	S.Heidelberg	BC	WEST	2013	Chicken	Farm	329
SA20151112	Group1	S.Heidelberg	BC	WEST	2013	Chicken	Farm	330
SA20151114	Group1	S.Kentucky	BC	WEST	2013	Chicken	Farm	330
SA20161020	Group1	S.Heidelberg	BC	WEST	2013	Chicken	Farm	.
SA20143829	Group1	S.Heidelberg	BC	WEST	2014	Chicken	Farm	.
SA20144796	Group1	S.Heidelberg	BC	WEST	2014	Chicken	Farm	.
SA20134248	Group1	S.Heidelberg	NS	ATL	2014	Chicken	Farm	.
SA20136096	Group1	S.Heidelberg	NS	ATL	2015	Chicken	Farm	403
SA20136097	Group1	S.Heidelberg	NS	ATL	2015	Chicken	Farm	403
SA20153942	Group1	S.Kentucky	ON	ON	2013	Chicken	Farm	338
SA20153943	Group1	S.Kentucky	ON	ON	2013	Chicken	Farm	338
SA20153945	Group1	S.Kentucky	ON	ON	2013	Chicken	Farm	338
SA20135861	Group1	S.Heidelberg	ON	ON	2013	Chicken	Farm	113
SA20135867	Group1	S.Heidelberg	ON	ON	2013	Chicken	Farm	114
SA20132058	Group1	S.Kentucky	ON	ON	2013	Chicken	Farm	321
SA20140792	Group1	S.Heidelberg	ON	ON	2013	Chicken	Farm	121
SA20140529	Group1	S.Heidelberg	ON	ON	2013	Chicken	Farm	339
SA20140530	Group1	S.Heidelberg	ON	ON	2013	Chicken	Farm	339
SA20140531	Group1	S.Heidelberg	ON	ON	2013	Chicken	Farm	339
SA20140532	Group1	S.Heidelberg	ON	ON	2013	Chicken	Farm	339
SA20140526	Group1	S.Heidelberg	ON	ON	2013	Chicken	Farm	37
SA20131168	Group1	S.Heidelberg	ON	ON	2013	Chicken	Farm	128
SA20131169	Group1	S.Heidelberg	ON	ON	2013	Chicken	Farm	128
SA20131170	Group1	S.Heidelberg	ON	ON	2013	Chicken	Farm	128
SA20141002	Group1	S.Heidelberg	ON	ON	2013	Chicken	Farm	.
SA20141268	Group1	S.Heidelberg	ON	ON	2013	Chicken	Farm	343
SA20141269	Group1	S.Heidelberg	ON	ON	2013	Chicken	Farm	343
SA20141270	Group1	S.Heidelberg	ON	ON	2013	Chicken	Farm	343
SA20141271	Group1	S.Heidelberg	ON	ON	2013	Chicken	Farm	343
SA20142439	Group1	S.Heidelberg	ON	ON	2013	Chicken	Farm	158
SA20133271	Group1	S.Heidelberg	ON	ON	2013	Chicken	Farm	42
SA20143108	Group1	S.Heidelberg	ON	ON	2013	Chicken	Farm	178
SA20133199	Group1	S.Heidelberg	ON	ON	2014	Chicken	Farm	188
SA20133200	Group1	S.Heidelberg	ON	ON	2014	Chicken	Farm	188
SA20133201	Group1	S.Heidelberg	ON	ON	2014	Chicken	Farm	188
SA20133202	Group1	S.Heidelberg	ON	ON	2014	Chicken	Farm	188
SA20133203	Group1	S.Heidelberg	ON	ON	2014	Chicken	Farm	188
SA20143453	Group1	S.Heidelberg	ON	ON	2014	Chicken	Farm	195
SA20134344	Group1	S.Kentucky	ON	ON	2014	Chicken	Farm	310
SA20140493	Group1	S.Heidelberg	ON	ON	2014	Chicken	Farm	39
SA20140495	Group1	S.Heidelberg	ON	ON	2014	Chicken	Farm	39
SA20140496	Group1	S.Heidelberg	ON	ON	2014	Chicken	Farm	39
SA20140464	Group1	S.Heidelberg	ON	ON	2014	Chicken	Farm	28
SA20140473	Group1	S.Heidelberg	ON	ON	2015	Chicken	Farm	2
SA20140474	Group1	S.Heidelberg	ON	ON	2015	Chicken	Farm	2
SA20135467	Group1	S.Heidelberg	QC	QC	2013	Chicken	Farm	.
SA20141994	Group1	S.Heidelberg	QC	QC	2013	Chicken	Farm	.
SA20150728	Group1	S.Heidelberg	QC	QC	2013	Chicken	Farm	345
SA20150729	Group1	S.Heidelberg	QC	QC	2013	Chicken	Farm	345
SA20150956	Group1	S.Heidelberg	QC	QC	2013	Chicken	Farm	347
SA20150954	Group1	S.Heidelberg	QC	QC	2013	Chicken	Farm	346
SA20150955	Group1	S.Heidelberg	QC	QC	2013	Chicken	Farm	346
SA20150957	Group1	S.Heidelberg	QC	QC	2013	Chicken	Farm	347
SA20150958	Group1	S.Heidelberg	QC	QC	2013	Chicken	Farm	347
SA20150959	Group1	S.Heidelberg	QC	QC	2013	Chicken	Farm	347
SA20151101	Group1	S.Heidelberg	QC	QC	2013	Chicken	Farm	348
SA20151104	Group1	S.Kentucky	QC	QC	2013	Chicken	Farm	348
SA20142520	Group1	S.Heidelberg	QC	QC	2013	Chicken	Farm	.
SA20140522	Group1	S.Heidelberg	QC	QC	2014	Chicken	Farm	.
SA20161671	Group1	S.Heidelberg	QC	QC	2015	Chicken	Farm	.
SA20135460	Group1	S.Kentucky	BC	WEST	2013	Chicken	Hatchery	.
SA20130338	Group1	S.Heidelberg	MB	PRA	2013	Chicken	Hatchery	388
SA20130066	Group1	S.Heidelberg	ON	ON	2013	Chicken	Hatchery	264
SA20130068	Group1	S.Heidelberg	ON	ON	2013	Chicken	Hatchery	264
SA20130070	Group1	S.Heidelberg	ON	ON	2013	Chicken	Hatchery	264
SA20130071	Group1	S.Heidelberg	ON	ON	2013	Chicken	Hatchery	264
SA20130073	Group1	S.Heidelberg	ON	ON	2013	Chicken	Hatchery	264
SA20130079	Group1	S.Heidelberg	ON	ON	2013	Chicken	Hatchery	264
SA20130218	Group1	S.Heidelberg	ON	ON	2013	Chicken	Hatchery	107
SA20130219	Group1	S.Heidelberg	ON	ON	2013	Chicken	Hatchery	107
SA20130220	Group1	S.Heidelberg	ON	ON	2013	Chicken	Hatchery	107
SA20130221	Group1	S.Heidelberg	ON	ON	2013	Chicken	Hatchery	107
SA20130618	Group1	S.Heidelberg	ON	ON	2013	Chicken	Hatchery	117
SA20130619	Group1	S.Heidelberg	ON	ON	2013	Chicken	Hatchery	117
SA20130620	Group1	S.Heidelberg	ON	ON	2013	Chicken	Hatchery	117
SA20130737	Group1	S.Heidelberg	ON	ON	2013	Chicken	Hatchery	122
SA20130738	Group1	S.Heidelberg	ON	ON	2013	Chicken	Hatchery	122
SA20131175	Group1	S.Heidelberg	ON	ON	2013	Chicken	Hatchery	273
SA20132538	Group1	S.Heidelberg	ON	ON	2013	Chicken	Hatchery	288
SA20133142	Group1	S.Kentucky	ON	ON	2014	Chicken	Hatchery	296
SA20134544	Group1	S.Heidelberg	ON	ON	2014	Chicken	Hatchery	314
SA20150845	Group1	S.Kentucky	QC	QC	2013	Chicken	Hatchery	.
SA20151085	Group1	S.Heidelberg	QC	QC	2013	Chicken	Hatchery	.
SA20153788	Group1	S.Heidelberg	QC	QC	2013	Chicken	Hatchery	.
SA20142151	Group1	S.Heidelberg	AB	PRA	2013	Chicken	Processing	.
SA20135346	Group1	S.Heidelberg	ON	ON	2013	Chicken	Processing	.
SA20142968	Group1	S.Heidelberg	ON	ON	2013	Chicken	Processing	.
SA20140819	Group1	S.Heidelberg	QC	QC	2013	Chicken	Processing	.
SA20153032	Group1	S.Kentucky	AB	PRA	2013	Chicken	Retail	.
SA20153276	Group1	S.Heidelberg	AB	PRA	2013	Chicken	Retail	.
SA20154365	Group1	S.Heidelberg	AB	PRA	2013	Chicken	Retail	.
SA20142552	Group1	S.Heidelberg	AB	PRA	2013	Chicken	Retail	.
SA20080352	Group1	S.Kentucky	BC	WEST	2007	Chicken	Retail	.
SA20080371	Group1	S.Heidelberg	BC	WEST	2007	Chicken	Retail	.
SA20082201	Group1	S.Heidelberg	BC	WEST	2008	Chicken	Retail	.
SA20090047	Group1	S.Heidelberg	BC	WEST	2008	Chicken	Retail	.
SA20090669	Group1	S.Kentucky	BC	WEST	2009	Chicken	Retail	.
SA20093969	Group1	S.Heidelberg	BC	WEST	2009	Chicken	Retail	.
SA20094754	Group1	S.Heidelberg	BC	WEST	2009	Chicken	Retail	.
SA20100415	Group1	S.Heidelberg	BC	WEST	2009	Chicken	Retail	.
SA20104948	Group1	S.Heidelberg	BC	WEST	2010	Chicken	Retail	.
SA20110529	Group1	S.Heidelberg	BC	WEST	2010	Chicken	Retail	.
SA20112287	Group1	S.Heidelberg	BC	WEST	2011	Chicken	Retail	.
SA20112291	Group1	S.Heidelberg	BC	WEST	2011	Chicken	Retail	.
SA20112615	Group1	S.Kentucky	BC	WEST	2011	Chicken	Retail	.
SA20113158	Group1	S.Kentucky	BC	WEST	2011	Chicken	Retail	.
SA20112746	Group1	S.Heidelberg	BC	WEST	2011	Chicken	Retail	.
SA20114221	Group1	S.Heidelberg	BC	WEST	2011	Chicken	Retail	.
SA20115700	Group1	S.Kentucky	BC	WEST	2011	Chicken	Retail	.
SA20122667	Group1	S.Heidelberg	BC	WEST	2012	Chicken	Retail	.
SA20122671	Group1	S.Heidelberg	BC	WEST	2012	Chicken	Retail	.
SA20122720	Group1	S.Kentucky	BC	WEST	2012	Chicken	Retail	.
SA20122721	Group1	S.Heidelberg	BC	WEST	2012	Chicken	Retail	.
SA20125597	Group1	S.Heidelberg	BC	WEST	2012	Chicken	Retail	.
SA20125596	Group1	S.Kentucky	BC	WEST	2012	Chicken	Retail	.
SA20145806	Group1	S.Heidelberg	BC	WEST	2013	Chicken	Retail	.
SA20152834	Group1	S.Heidelberg	BC	WEST	2013	Chicken	Retail	.
SA20153971	Group1	S.Heidelberg	BC	WEST	2013	Chicken	Retail	.
SA20156267	Group1	S.Kentucky	BC	WEST	2013	Chicken	Retail	.
SA20132413	Group1	S.Heidelberg	BC	WEST	2013	Chicken	Retail	.
SA20130894	Group1	S.Heidelberg	BC	WEST	2013	Chicken	Retail	.
SA20131742	Group1	S.Heidelberg	BC	WEST	2013	Chicken	Retail	.
SA20131762	Group1	S.Heidelberg	BC	WEST	2013	Chicken	Retail	.
SA20135118	Group1	S.Heidelberg	BC	WEST	2013	Chicken	Retail	.
SA20135119	Group1	S.Heidelberg	BC	WEST	2013	Chicken	Retail	.
SA20131760	Group1	S.Heidelberg	BC	WEST	2013	Chicken	Retail	.
SA20141529	Group1	S.Kentucky	BC	WEST	2013	Chicken	Retail	.
SA20140609	Group1	S.Heidelberg	BC	WEST	2013	Chicken	Retail	.
SA20142276	Group1	S.Kentucky	BC	WEST	2013	Chicken	Retail	.
SA20143200	Group1	S.Heidelberg	BC	WEST	2013	Chicken	Retail	.
SA20132950	Group1	S.Heidelberg	BC	WEST	2013	Chicken	Retail	.
SA20133089	Group1	S.Heidelberg	BC	WEST	2013	Chicken	Retail	.
SA20154359	Group1	S.Heidelberg	BC	WEST	2013	Chicken	Retail	.
SA20155843	Group1	S.Heidelberg	BC	WEST	2013	Chicken	Retail	.
SA20143833	Group1	S.Heidelberg	BC	WEST	2014	Chicken	Retail	.
SA20135486	Group1	S.Heidelberg	BC	WEST	2014	Chicken	Retail	.
SA20140249	Group1	S.Kentucky	BC	WEST	2015	Chicken	Retail	.
SA20140450	Group1	S.Kentucky	BC	WEST	2015	Chicken	Retail	.
SA20140452	Group1	S.Heidelberg	BC	WEST	2015	Chicken	Retail	.
SA20140608	Group1	S.Heidelberg	BC	WEST	2015	Chicken	Retail	.
SA20142171	Group1	S.Heidelberg	BC	WEST	2015	Chicken	Retail	.
SA20143934	Group1	S.Heidelberg	BC	WEST	2015	Chicken	Retail	.
SA20092060	Group1	S.Heidelberg	NB	ATL	2009	Chicken	Retail	.
SA20092072	Group1	S.Heidelberg	NB	ATL	2009	Chicken	Retail	.
SA20092070	Group1	S.Heidelberg	NB	ATL	2009	Chicken	Retail	.
SA20100978	Group1	S.Heidelberg	NB	ATL	2009	Chicken	Retail	.
SA20100975	Group1	S.Heidelberg	NB	ATL	2009	Chicken	Retail	.
SA20100979	Group1	S.Heidelberg	NB	ATL	2009	Chicken	Retail	.
SA20101782	Group1	S.Heidelberg	NB	ATL	2009	Chicken	Retail	.
SA20100756	Group1	S.Heidelberg	NB	ATL	2009	Chicken	Retail	.
SA20101767	Group1	S.Kentucky	NB	ATL	2010	Chicken	Retail	.
SA20103877	Group1	S.Heidelberg	NB	ATL	2010	Chicken	Retail	.
SA20101779	Group1	S.Heidelberg	NB	ATL	2010	Chicken	Retail	.
SA20134849	Group1	S.Kentucky	NB	ATL	2013	Chicken	Retail	.
SA20145848	Group1	S.Heidelberg	NB	ATL	2014	Chicken	Retail	.
SA20141064	Group1	S.Heidelberg	NB	ATL	2014	Chicken	Retail	.
SA20141065	Group1	S.Kentucky	NB	ATL	2014	Chicken	Retail	.
SA20144960	Group1	S.Heidelberg	NB	ATL	2015	Chicken	Retail	.
SA20145770	Group1	S.Heidelberg	NB	ATL	2015	Chicken	Retail	.
SA20094547	Group1	S.Heidelberg	NS	ATL	2009	Chicken	Retail	.
SA20103867	Group1	S.Heidelberg	NS	ATL	2010	Chicken	Retail	.
SA20110101	Group1	S.Heidelberg	NS	ATL	2010	Chicken	Retail	.
SA20142452	Group1	S.Kentucky	NS	ATL	2013	Chicken	Retail	.
SA20160190	Group1	S.Heidelberg	NS	ATL	2013	Chicken	Retail	.
SA20135930	Group1	S.Heidelberg	NS	ATL	2014	Chicken	Retail	.
SA20135931	Group1	S.Heidelberg	NS	ATL	2014	Chicken	Retail	.
SA20135933	Group1	S.Heidelberg	NS	ATL	2014	Chicken	Retail	.
SA20135934	Group1	S.Heidelberg	NS	ATL	2014	Chicken	Retail	.
SA20141070	Group1	S.Heidelberg	NS	ATL	2014	Chicken	Retail	.
SA20034419	Group1	S.Heidelberg	ON	ON	2003	Chicken	Retail	.
SA20041005	Group1	S.Heidelberg	ON	ON	2004	Chicken	Retail	.
SA20041006	Group1	S.Heidelberg	ON	ON	2004	Chicken	Retail	.
SA20043760	Group1	S.Heidelberg	ON	ON	2004	Chicken	Retail	.
SA20043761	Group1	S.Heidelberg	ON	ON	2004	Chicken	Retail	.
SA20043764	Group1	S.Heidelberg	ON	ON	2004	Chicken	Retail	.
SA20043793	Group1	S.Heidelberg	ON	ON	2004	Chicken	Retail	.
SA20043792	Group1	S.Heidelberg	ON	ON	2004	Chicken	Retail	.
SA20043808	Group1	S.Heidelberg	ON	ON	2004	Chicken	Retail	.
SA20043809	Group1	S.Heidelberg	ON	ON	2004	Chicken	Retail	.
SA20043811	Group1	S.Heidelberg	ON	ON	2004	Chicken	Retail	.
SA20044067	Group1	S.Heidelberg	ON	ON	2004	Chicken	Retail	.
SA20044074	Group1	S.Heidelberg	ON	ON	2004	Chicken	Retail	.
SA20044086	Group1	S.Heidelberg	ON	ON	2004	Chicken	Retail	.
SA20050325	Group1	S.Heidelberg	ON	ON	2004	Chicken	Retail	.
SA20050344	Group1	S.Heidelberg	ON	ON	2004	Chicken	Retail	.
SA20050474	Group1	S.Heidelberg	ON	ON	2004	Chicken	Retail	.
SA20055003	Group1	S.Heidelberg	ON	ON	2005	Chicken	Retail	.
SA20062432	Group1	S.Heidelberg	ON	ON	2006	Chicken	Retail	.
SA20065324	Group1	S.Heidelberg	ON	ON	2006	Chicken	Retail	.
SA20070516	Group1	S.Heidelberg	ON	ON	2006	Chicken	Retail	.
SA20071954	Group1	S.Heidelberg	ON	ON	2007	Chicken	Retail	.
SA20071964	Group1	S.Heidelberg	ON	ON	2007	Chicken	Retail	.
SA20072098	Group1	S.Heidelberg	ON	ON	2007	Chicken	Retail	.
SA20073649	Group1	S.Heidelberg	ON	ON	2007	Chicken	Retail	.
SA20073664	Group1	S.Heidelberg	ON	ON	2007	Chicken	Retail	.
SA20074826	Group1	S.Heidelberg	ON	ON	2007	Chicken	Retail	.
SA20074827	Group1	S.Heidelberg	ON	ON	2007	Chicken	Retail	.
SA20072364	Group1	S.Heidelberg	ON	ON	2007	Chicken	Retail	.
SA20072934	Group1	S.Heidelberg	ON	ON	2007	Chicken	Retail	.
SA20074162	Group1	S.Heidelberg	ON	ON	2007	Chicken	Retail	.
SA20080377	Group1	S.Heidelberg	ON	ON	2007	Chicken	Retail	.
SA20081600	Group1	S.Heidelberg	ON	ON	2008	Chicken	Retail	.
SA20074163	Group1	S.Heidelberg	ON	ON	2008	Chicken	Retail	.
SA20082179	Group1	S.Heidelberg	ON	ON	2008	Chicken	Retail	.
SA20074166	Group1	S.Heidelberg	ON	ON	2008	Chicken	Retail	.
SA20074169	Group1	S.Heidelberg	ON	ON	2008	Chicken	Retail	.
SA20075346	Group1	S.Heidelberg	ON	ON	2008	Chicken	Retail	.
SA20090875	Group1	S.Heidelberg	ON	ON	2009	Chicken	Retail	.
SA20090894	Group1	S.Heidelberg	ON	ON	2009	Chicken	Retail	.
SA20091725	Group1	S.Heidelberg	ON	ON	2009	Chicken	Retail	.
SA20093478	Group1	S.Heidelberg	ON	ON	2009	Chicken	Retail	.
SA20093536	Group1	S.Heidelberg	ON	ON	2009	Chicken	Retail	.
SA20093534	Group1	S.Heidelberg	ON	ON	2009	Chicken	Retail	.
SA20093761	Group1	S.Heidelberg	ON	ON	2009	Chicken	Retail	.
SA20075347	Group1	S.Heidelberg	ON	ON	2009	Chicken	Retail	.
SA20093793	Group1	S.Heidelberg	ON	ON	2009	Chicken	Retail	.
SA20093968	Group1	S.Heidelberg	ON	ON	2009	Chicken	Retail	.
SA20080094	Group1	S.Heidelberg	ON	ON	2009	Chicken	Retail	.
SA20080095	Group1	S.Heidelberg	ON	ON	2009	Chicken	Retail	.
SA20100274	Group1	S.Heidelberg	ON	ON	2009	Chicken	Retail	.
SA20101700	Group1	S.Heidelberg	ON	ON	2010	Chicken	Retail	.
SA20101744	Group1	S.Heidelberg	ON	ON	2010	Chicken	Retail	.
SA20101743	Group1	S.Heidelberg	ON	ON	2010	Chicken	Retail	.
SA20111131	Group1	S.Heidelberg	ON	ON	2011	Chicken	Retail	.
SA20111155	Group1	S.Heidelberg	ON	ON	2011	Chicken	Retail	.
SA20112342	Group1	S.Heidelberg	ON	ON	2011	Chicken	Retail	.
SA20112607	Group1	S.Heidelberg	ON	ON	2011	Chicken	Retail	.
SA20115001	Group1	S.Heidelberg	ON	ON	2011	Chicken	Retail	.
SA20145165	Group1	S.Heidelberg	ON	ON	2011	Chicken	Retail	.
SA20116364	Group1	S.Kentucky	ON	ON	2011	Chicken	Retail	.
SA20121173	Group1	S.Heidelberg	ON	ON	2012	Chicken	Retail	.
SA20121182	Group1	S.Heidelberg	ON	ON	2012	Chicken	Retail	.
SA20121183	Group1	S.Heidelberg	ON	ON	2012	Chicken	Retail	.
SA20122601	Group1	S.Heidelberg	ON	ON	2012	Chicken	Retail	.
SA20122603	Group1	S.Heidelberg	ON	ON	2012	Chicken	Retail	.
SA20122604	Group1	S.Heidelberg	ON	ON	2012	Chicken	Retail	.
SA20121614	Group1	S.Heidelberg	ON	ON	2012	Chicken	Retail	.
SA20121793	Group1	S.Kentucky	ON	ON	2012	Chicken	Retail	.
SA20121799	Group1	S.Heidelberg	ON	ON	2012	Chicken	Retail	.
SA20122122	Group1	S.Heidelberg	ON	ON	2012	Chicken	Retail	.
SA20122390	Group1	S.Heidelberg	ON	ON	2012	Chicken	Retail	.
SA20123986	Group1	S.Heidelberg	ON	ON	2012	Chicken	Retail	.
SA20125936	Group1	S.Heidelberg	ON	ON	2012	Chicken	Retail	.
SA20150296	Group1	S.Heidelberg	ON	ON	2013	Chicken	Retail	.
SA20135902	Group1	S.Heidelberg	ON	ON	2013	Chicken	Retail	.
SA20150305	Group1	S.Heidelberg	ON	ON	2013	Chicken	Retail	.
SA20150551	Group1	S.Heidelberg	ON	ON	2013	Chicken	Retail	.
SA20151034	Group1	S.Heidelberg	ON	ON	2013	Chicken	Retail	.
SA20135868	Group1	S.Heidelberg	ON	ON	2013	Chicken	Retail	.
SA20140772	Group1	S.Heidelberg	ON	ON	2013	Chicken	Retail	.
SA20135336	Group1	S.Heidelberg	ON	ON	2013	Chicken	Retail	105
SA20141327	Group1	S.Heidelberg	ON	ON	2013	Chicken	Retail	112
SA20131717	Group1	S.Heidelberg	ON	ON	2013	Chicken	Retail	.
SA20132928	Group1	S.Heidelberg	ON	ON	2013	Chicken	Retail	.
SA20131505	Group1	S.Heidelberg	ON	ON	2013	Chicken	Retail	99
SA20142019	Group1	S.Heidelberg	ON	ON	2013	Chicken	Retail	140
SA20132091	Group1	S.Heidelberg	ON	ON	2013	Chicken	Retail	61
SA20132092	Group1	S.Heidelberg	ON	ON	2013	Chicken	Retail	60
SA20141100	Group1	S.Heidelberg	ON	ON	2013	Chicken	Retail	.
SA20141101	Group1	S.Heidelberg	ON	ON	2013	Chicken	Retail	.
SA20132682	Group1	S.Heidelberg	ON	ON	2013	Chicken	Retail	73
SA20132685	Group1	S.Heidelberg	ON	ON	2013	Chicken	Retail	53
SA20142977	Group1	S.Heidelberg	ON	ON	2013	Chicken	Retail	165
SA20135110	Group1	S.Heidelberg	ON	ON	2013	Chicken	Retail	9
SA20133258	Group1	S.Heidelberg	ON	ON	2013	Chicken	Retail	.
SA20143098	Group1	S.Kentucky	ON	ON	2013	Chicken	Retail	.
SA20133257	Group1	S.Heidelberg	ON	ON	2013	Chicken	Retail	89
SA20143565	Group1	S.Kentucky	ON	ON	2014	Chicken	Retail	.
SA20143568	Group1	S.Kentucky	ON	ON	2014	Chicken	Retail	.
SA20145863	Group1	S.Heidelberg	ON	ON	2014	Chicken	Retail	.
SA20140032	Group1	S.Heidelberg	ON	ON	2014	Chicken	Retail	25
SA20140012	Group1	S.Heidelberg	ON	ON	2014	Chicken	Retail	24
SA20140030	Group1	S.Heidelberg	ON	ON	2014	Chicken	Retail	24
SA20146570	Group1	S.Heidelberg	ON	ON	2014	Chicken	Retail	236
SA20140272	Group1	S.Heidelberg	ON	ON	2015	Chicken	Retail	8
SA20142177	Group1	S.Heidelberg	ON	ON	2015	Chicken	Retail	.
SA20142886	Group1	S.Kentucky	ON	ON	2015	Chicken	Retail	.
SA20142302	Group1	S.Heidelberg	ON	ON	2015	Chicken	Retail	.
SA20142537	Group1	S.Heidelberg	ON	ON	2015	Chicken	Retail	.
SA20113986	Group1	S.Heidelberg	PEI	ATL	2011	Chicken	Retail	.
SA20034423	Group1	S.Heidelberg	QC	QC	2003	Chicken	Retail	.
SA20034424	Group1	S.Heidelberg	QC	QC	2003	Chicken	Retail	.
SA20034432	Group1	S.Heidelberg	QC	QC	2003	Chicken	Retail	.
SA20034433	Group1	S.Heidelberg	QC	QC	2003	Chicken	Retail	.
SA20034437	Group1	S.Heidelberg	QC	QC	2003	Chicken	Retail	.
SA20034439	Group1	S.Kentucky	QC	QC	2003	Chicken	Retail	.
SA20034971	Group1	S.Heidelberg	QC	QC	2003	Chicken	Retail	.
SA20034974	Group1	S.Heidelberg	QC	QC	2003	Chicken	Retail	.
SA20034975	Group1	S.Heidelberg	QC	QC	2003	Chicken	Retail	.
SA20034977	Group1	S.Heidelberg	QC	QC	2003	Chicken	Retail	.
SA20040400	Group1	S.Heidelberg	QC	QC	2003	Chicken	Retail	.
SA20041003	Group1	S.Heidelberg	QC	QC	2004	Chicken	Retail	.
SA20043796	Group1	S.Heidelberg	QC	QC	2004	Chicken	Retail	.
SA20043795	Group1	S.Heidelberg	QC	QC	2004	Chicken	Retail	.
SA20043794	Group1	S.Kentucky	QC	QC	2004	Chicken	Retail	.
SA20043799	Group1	S.Heidelberg	QC	QC	2004	Chicken	Retail	.
SA20043810	Group1	S.Heidelberg	QC	QC	2004	Chicken	Retail	.
SA20050326	Group1	S.Heidelberg	QC	QC	2004	Chicken	Retail	.
SA20050341	Group1	S.Heidelberg	QC	QC	2004	Chicken	Retail	.
SA20050470	Group1	S.Heidelberg	QC	QC	2004	Chicken	Retail	.
SA20050476	Group1	S.Heidelberg	QC	QC	2004	Chicken	Retail	.
SA20054992	Group1	S.Heidelberg	QC	QC	2005	Chicken	Retail	.
SA20055000	Group1	S.Heidelberg	QC	QC	2005	Chicken	Retail	.
SA20053625	Group1	S.Heidelberg	QC	QC	2005	Chicken	Retail	.
SA20061115	Group1	S.Heidelberg	QC	QC	2005	Chicken	Retail	.
SA20065315	Group1	S.Heidelberg	QC	QC	2006	Chicken	Retail	.
SA20071987	Group1	S.Heidelberg	QC	QC	2007	Chicken	Retail	.
SA20072063	Group1	S.Kentucky	QC	QC	2007	Chicken	Retail	.
SA20080322	Group1	S.Heidelberg	QC	QC	2007	Chicken	Retail	.
SA20081593	Group1	S.Heidelberg	QC	QC	2008	Chicken	Retail	.
SA20081607	Group1	S.Heidelberg	QC	QC	2008	Chicken	Retail	.
SA20085261	Group1	S.Heidelberg	QC	QC	2008	Chicken	Retail	.
SA20090191	Group1	S.Heidelberg	QC	QC	2008	Chicken	Retail	.
SA20090675	Group1	S.Heidelberg	QC	QC	2009	Chicken	Retail	.
SA20090879	Group1	S.Heidelberg	QC	QC	2009	Chicken	Retail	.
SA20091719	Group1	S.Heidelberg	QC	QC	2009	Chicken	Retail	.
SA20091717	Group1	S.Heidelberg	QC	QC	2009	Chicken	Retail	.
SA20091716	Group1	S.Heidelberg	QC	QC	2009	Chicken	Retail	.
SA20091731	Group1	S.Heidelberg	QC	QC	2009	Chicken	Retail	.
SA20092303	Group1	S.Heidelberg	QC	QC	2009	Chicken	Retail	.
SA20100424	Group1	S.Heidelberg	QC	QC	2009	Chicken	Retail	.
SA20102381	Group1	S.Heidelberg	QC	QC	2010	Chicken	Retail	.
SA20103782	Group1	S.Heidelberg	QC	QC	2010	Chicken	Retail	.
SA20104570	Group1	S.Heidelberg	QC	QC	2010	Chicken	Retail	.
SA20104612	Group1	S.Heidelberg	QC	QC	2010	Chicken	Retail	.
SA20110036	Group1	S.Heidelberg	QC	QC	2010	Chicken	Retail	.
SA20111560	Group1	S.Heidelberg	QC	QC	2011	Chicken	Retail	.
SA20112112	Group1	S.Heidelberg	QC	QC	2011	Chicken	Retail	.
SA20112252	Group1	S.Heidelberg	QC	QC	2011	Chicken	Retail	.
SA20115775	Group1	S.Heidelberg	QC	QC	2011	Chicken	Retail	.
SA20116361	Group1	S.Heidelberg	QC	QC	2011	Chicken	Retail	.
SA20121161	Group1	S.Heidelberg	QC	QC	2012	Chicken	Retail	.
SA20121344	Group1	S.Heidelberg	QC	QC	2012	Chicken	Retail	.
SA20121610	Group1	S.Heidelberg	QC	QC	2012	Chicken	Retail	.
SA20122239	Group1	S.Heidelberg	QC	QC	2012	Chicken	Retail	.
SA20122617	Group1	S.Heidelberg	QC	QC	2012	Chicken	Retail	.
SA20122618	Group1	S.Heidelberg	QC	QC	2012	Chicken	Retail	.
SA20122900	Group1	S.Heidelberg	QC	QC	2012	Chicken	Retail	.
SA20123897	Group1	S.Heidelberg	QC	QC	2012	Chicken	Retail	.
SA20124658	Group1	S.Heidelberg	QC	QC	2012	Chicken	Retail	.
SA20125685	Group1	S.Heidelberg	QC	QC	2012	Chicken	Retail	.
SA20125715	Group1	S.Heidelberg	QC	QC	2012	Chicken	Retail	.
SA20126008	Group1	S.Heidelberg	QC	QC	2012	Chicken	Retail	.
SA20130476	Group1	S.Heidelberg	QC	QC	2012	Chicken	Retail	.
SA20131612	Group1	S.Heidelberg	QC	QC	2013	Chicken	Retail	.
SA20153965	Group1	S.Heidelberg	QC	QC	2013	Chicken	Retail	.
SA20142435	Group1	S.Heidelberg	QC	QC	2013	Chicken	Retail	.
SA20141335	Group1	S.Heidelberg	QC	QC	2013	Chicken	Retail	.
SA20142056	Group1	S.Heidelberg	QC	QC	2013	Chicken	Retail	.
SA20142071	Group1	S.Heidelberg	QC	QC	2013	Chicken	Retail	.
SA20142288	Group1	S.Heidelberg	QC	QC	2013	Chicken	Retail	.
SA20145098	Group1	S.Heidelberg	QC	QC	2013	Chicken	Retail	.
SA20150560	Group1	S.Kentucky	QC	QC	2013	Chicken	Retail	.
SA20142961	Group1	S.Kentucky	QC	QC	2013	Chicken	Retail	.
SA20153963	Group1	S.Heidelberg	QC	QC	2013	Chicken	Retail	.
SA20154673	Group1	S.Heidelberg	QC	QC	2013	Chicken	Retail	.
SA20142881	Group1	S.Heidelberg	QC	QC	2014	Chicken	Retail	.
SA20143151	Group1	S.Heidelberg	QC	QC	2014	Chicken	Retail	.
SA20143179	Group1	S.Heidelberg	QC	QC	2014	Chicken	Retail	.
SA20140230	Group1	S.Heidelberg	QC	QC	2014	Chicken	Retail	.
SA20140625	Group1	S.Heidelberg	QC	QC	2014	Chicken	Retail	.
SA20140622	Group1	S.Heidelberg	QC	QC	2014	Chicken	Retail	.
SA20140978	Group1	S.Heidelberg	QC	QC	2015	Chicken	Retail	.
SA20142066	Group1	S.Heidelberg	QC	QC	2015	Chicken	Retail	.
SA20142069	Group1	S.Heidelberg	QC	QC	2015	Chicken	Retail	.
SA20142183	Group1	S.Kentucky	QC	QC	2015	Chicken	Retail	.
SA20142553	Group1	S.Heidelberg	QC	QC	2015	Chicken	Retail	.
SA20143045	Group1	S.Heidelberg	QC	QC	2015	Chicken	Retail	.
SA20142365	Group1	S.Heidelberg	QC	QC	2015	Chicken	Retail	.
SA20064797	Group1	S.Heidelberg	SK	PRA	2006	Chicken	Retail	.
SA20084895	Group1	S.Heidelberg	SK	PRA	2008	Chicken	Retail	.
SA20121806	Group1	S.Heidelberg	SK	PRA	2012	Chicken	Retail	.
SA20124827	Group1	S.Heidelberg	SK	PRA	2012	Chicken	Retail	.
SA20124828	Group1	S.Heidelberg	SK	PRA	2012	Chicken	Retail	.
SA20132693	Group1	S.Kentucky	SK	PRA	2013	Chicken	Retail	.
SA20134862	Group1	S.Heidelberg	SK	PRA	2013	Chicken	Retail	.
SA20135248	Group1	S.Heidelberg	SK	PRA	2014	Chicken	Retail	.
SA20141089	Group1	S.Heidelberg	SK	PRA	2015	Chicken	Retail	.
